동별(1),동별(2),동별(3),2021,2021,2021,2021,2021,2021,2021,2021,2021,2021,2021,2021,2022,2022,2022,2022,2022,2022,2022,2022,2022,2022,2022,2022,2023,2023,2023,2023,2023,2023,2023,2023,2023,2023,2023,2023
동별(1),동별(2),동별(3),합계,합계,합계,합계,합계,합계,합계,합계,합계,합계,합계,합계,합계,합계,합계,합계,합계,합계,합계,합계,합계,합계,합계,합계,합계,합계,합계,합계,합계,합계,합계,합계,합계,합계,합계,합계
동별(1),동별(2),동별(3),소계,소계,소계,국민기초생활보장 수급권자,국민기초생활보장 수급권자,국민기초생활보장 수급권자,저소득노인,저소득노인,저소득노인,일   반,일   반,일   반,소계,소계,소계,국민기초생활보장 수급권자,국민기초생활보장 수급권자,국민기초생활보장 수급권자,저소득노인,저소득노인,저소득노인,일   반,일   반,일   반,소계,소계,소계,국민기초생활보장 수급권자,국민기초생활보장 수급권자,국민기초생활보장 수급권자,저소득노인,저소득노인,저소득노인,일   반,일   반,일   반
동별(1),동별(2),동별(3),계,65~79세,80세 이상,계,65~79세,80세 이상,계,65~79세,80세 이상,계,65~79세,80세 이상,계,65~79세,80세 이상,계,65~79세,80세 이상,계,65~79세,80세 이상,계,65~79세,80세 이상,계,65~79세,80세 이상,계,65~79세,80세 이상,계,65~79세,80세 이상,계,65~79세,80세 이상
서울특별시,소계,소계,392351,291042,101309,110183,76181,34002,14471,8250,6221,267697,206611,61086,422776,310466,112310,122508,83607,38901,13645,8068,5577,286623,218791,67832,448251,320570,127681,129275,87834,41441,12775,7236,5539,306201,225500,80701
서울특별시,종로구,소계,8573,6219,2354,1839,1356,483,337,197,140,6397,4666,1731,8998,6372,2626,2000,1438,562,349,208,141,6649,4726,1923,11178,7784,3394,2231,1581,650,403,216,187,8544,5987,2557
서울특별시,종로구,사직동,490,320,170,60,41,19,10,6,4,420,273,147,513,329,184,56,39,17,10,6,4,447,284,163,556,354,202,54,35,19,14,5,9,488,314,174
서울특별시,종로구,삼청동,189,126,63,17,12,5,6,1,5,166,113,53,213,146,67,19,14,5,4,3,1,190,129,61,193,121,72,17,12,5,10,2,8,166,107,59
서울특별시,종로구,부암동,418,293,125,61,40,21,20,13,7,337,240,97,459,315,144,58,38,20,16,10,6,385,267,118,458,295,163,44,24,20,12,3,9,402,268,134
서울특별시,종로구,평창동,703,456,247,48,31,17,22,10,12,633,415,218,794,508,286,56,35,21,22,12,10,716,461,255,834,522,312,59,37,22,35,17,18,740,468,272
서울특별시,종로구,무악동,291,208,83,59,35,24,11,5,6,221,168,53,327,214,113,88,55,33,20,6,14,219,153,66,436,257,179,81,43,38,32,14,18,323,200,123
서울특별시,종로구,교남동,414,306,108,79,49,30,14,4,10,321,253,68,444,314,130,55,31,24,18,9,9,371,274,97,577,385,192,119,66,53,28,17,11,430,302,128
서울특별시,종로구,가회동,243,175,68,22,12,10,3,1,2,218,162,56,248,181,67,19,7,12,8,4,4,221,170,51,251,165,86,19,7,12,10,6,4,222,152,70
서울특별시,종로구,종로1.2.3.4가동,1215,953,262,372,298,74,35,22,13,808,633,175,1111,868,243,404,333,71,19,10,9,688,525,163,1489,1178,311,426,347,79,21,13,8,1042,818,224
서울특별시,종로구,종로5.6가동,446,334,112,101,85,16,30,18,12,315,231,84,489,370,119,124,99,25,32,23,9,333,248,85,616,465,151,133,100,33,24,17,7,459,348,111
서울특별시,종로구,이화동,430,296,134,101,66,35,26,14,12,303,216,87,456,311,145,100,64,36,40,25,15,316,222,94,601,396,205,134,89,45,33,14,19,434,293,141
서울특별시,종로구,창신1동,602,479,123,208,172,36,9,5,4,385,302,83,544,428,116,201,161,40,15,10,5,328,257,71,813,630,183,234,185,49,37,28,9,542,417,125
서울특별시,종로구,창신2동,587,467,120,147,114,33,16,9,7,424,344,80,659,503,156,209,149,60,34,24,10,416,330,86,951,705,246,251,182,69,26,16,10,674,507,167
서울특별시,종로구,창신3동,285,203,82,60,46,14,16,9,7,209,148,61,309,209,100,77,56,21,7,5,2,225,148,77,404,273,131,85,57,28,11,8,3,308,208,100
서울특별시,종로구,숭인1동,378,268,110,104,78,26,18,13,5,256,177,79,406,290,116,116,85,31,25,11,14,265,194,71,558,388,170,133,96,37,14,6,8,411,286,125
서울특별시,종로구,숭인2동,660,535,125,223,180,43,58,45,13,379,310,69,711,558,153,218,167,51,37,32,5,456,359,97,954,745,209,229,179,50,25,19,6,700,547,153
서울특별시,종로구,청운효자동,514,344,170,71,35,36,23,10,13,420,299,121,549,352,197,72,29,43,23,11,12,454,312,142,641,392,249,98,51,47,34,15,19,509,326,183
서울특별시,종로구,혜화동,708,456,252,106,62,44,20,12,8,582,382,200,766,476,290,128,76,52,19,7,12,619,393,226,846,513,333,115,71,44,37,16,21,694,426,268
서울특별시,중구,소계,7553,5538,2015,2168,1564,604,265,138,127,5120,3836,1284,7425,5417,2008,2392,1733,659,366,211,155,4667,3473,1194,7987,5766,2221,2553,1787,766,324,177,147,5110,3802,1308
서울특별시,중구,소공동,79,67,12,19,17,2,0,0,0,60,50,10,70,55,15,17,15,2,-,-,-,53,40,13,87,67,20,17,15,2,-,-,-,70,52,18
서울특별시,중구,회현동,578,455,123,203,178,25,8,2,6,367,275,92,480,377,103,213,178,35,8,3,5,259,196,63,553,433,120,219,188,31,8,4,4,326,241,85
서울특별시,중구,명동,215,171,44,41,34,7,5,4,1,169,133,36,192,145,47,30,23,7,2,1,1,160,121,39,199,153,46,24,17,7,-,-,-,175,136,39
서울특별시,중구,필동,355,253,102,41,30,11,12,6,6,302,217,85,313,221,92,52,38,14,9,5,4,252,178,74,316,224,92,56,39,17,8,4,4,252,181,71
서울특별시,중구,장충동,267,188,79,54,42,12,4,2,2,209,144,65,252,171,81,57,39,18,6,4,2,189,128,61,271,181,90,60,42,18,6,4,2,205,135,70
서울특별시,중구,광희동,443,349,94,94,79,15,11,5,6,338,265,73,441,342,99,110,94,16,13,6,7,318,242,76,475,367,108,111,86,25,15,7,8,349,274,75
서울특별시,중구,을지로동,274,212,62,78,57,21,9,4,5,187,151,36,276,223,53,91,72,19,7,3,4,178,148,30,292,230,62,91,73,18,10,5,5,191,152,39
서울특별시,중구,신당5동,586,454,132,172,122,50,28,16,12,386,316,70,572,443,129,201,156,45,31,18,13,340,269,71,619,469,150,219,162,57,19,13,6,381,294,87
서울특별시,중구,황학동,649,517,132,203,155,48,21,14,7,425,348,77,647,514,133,214,166,48,20,15,5,413,333,80,700,542,158,253,187,66,17,14,3,430,341,89
서울특별시,중구,중림동,596,451,145,203,150,53,16,13,3,377,288,89,613,469,144,221,175,46,33,21,12,359,273,86,648,490,158,237,182,55,33,15,18,378,293,85
서울특별시,중구,신당동,561,431,130,163,127,36,23,9,14,375,295,80,574,439,135,193,146,47,22,12,10,359,281,78,636,474,162,207,159,48,18,8,10,411,307,104
서울특별시,중구,다산동,713,519,194,166,118,48,24,7,17,523,394,129,709,510,199,190,140,50,43,21,22,476,349,127,765,547,218,206,127,79,38,17,21,521,403,118
서울특별시,중구,약수동,1097,715,382,380,236,144,64,33,31,653,446,207,1124,735,389,418,246,172,110,63,47,596,426,170,1204,785,419,441,255,186,92,47,45,671,483,188
서울특별시,중구,청구동,783,524,259,284,177,107,29,17,12,470,330,140,825,550,275,318,201,117,47,30,17,460,319,141,868,578,290,340,213,127,43,30,13,485,335,150
서울특별시,중구,동화동,357,232,125,67,42,25,11,6,5,279,184,95,337,223,114,67,44,23,15,9,6,255,170,85,354,226,128,72,42,30,17,9,8,265,175,90
서울특별시,용산구,소계,11170,7673,3497,2650,1826,824,345,199,146,8175,5648,2527,9873,6903,2970,2871,1973,898,290,171,119,6712,4759,1953,10498,7228,3270,3029,2073,956,96,45,51,7373,5110,2263
서울특별시,용산구,후암동,967,667,300,272,184,88,53,33,20,642,450,192,884,620,264,268,174,94,32,16,16,584,430,154,954,674,280,287,191,96,15,7,8,652,476,176
서울특별시,용산구,용산2가동,586,385,201,151,95,56,19,5,14,416,285,131,541,371,170,168,112,56,19,8,11,354,251,103,573,381,192,192,126,66,7,-,7,374,255,119
서울특별시,용산구,남영동,981,786,195,488,409,79,5,3,2,488,374,114,869,707,162,520,436,84,3,2,1,346,269,77,969,786,183,559,468,91,4,4,-,406,314,92
서울특별시,용산구,원효로2동,547,360,187,157,95,62,19,11,8,371,254,117,538,353,185,177,106,71,14,7,7,347,240,107,570,373,197,189,106,83,6,3,3,375,264,111
서울특별시,용산구,효창동,327,239,88,35,24,11,10,8,2,282,207,75,302,212,90,49,37,12,9,5,4,244,170,74,321,221,100,52,35,17,1,-,1,268,186,82
서울특별시,용산구,용문동,507,358,149,170,107,63,14,6,8,323,245,78,489,353,136,183,121,62,17,11,6,289,221,68,532,363,169,207,126,81,4,1,3,321,236,85
서울특별시,용산구,이촌1동,864,499,365,22,12,10,4,2,2,838,485,353,704,401,303,21,12,9,7,3,4,676,386,290,746,411,335,18,11,7,1,-,1,727,400,327
서울특별시,용산구,이촌2동,445,301,144,57,30,27,11,4,7,377,267,110,405,269,136,65,30,35,9,3,6,331,236,95,427,279,148,75,35,40,4,1,3,348,243,105
서울특별시,용산구,이태원1동,398,264,134,74,54,20,10,6,4,314,204,110,341,237,104,74,52,22,7,5,2,260,180,80,375,268,107,78,54,24,7,5,2,290,209,81
서울특별시,용산구,이태원2동,521,328,193,84,53,31,23,18,5,414,257,157,430,284,146,89,58,31,15,11,4,326,215,111,513,315,198,97,60,37,4,1,3,412,254,158
서울특별시,용산구,서빙고동,531,323,208,91,57,34,16,3,13,424,263,161,451,268,183,96,60,36,15,10,5,340,198,142,483,277,206,111,67,44,10,6,4,362,204,158
서울특별시,용산구,보광동,881,616,265,279,193,86,52,32,20,550,391,159,788,576,212,309,214,95,40,24,16,439,338,101,791,564,227,303,215,88,15,7,8,473,342,131
서울특별시,용산구,청파동,1037,764,273,291,206,85,33,20,13,713,538,175,965,731,234,339,228,111,29,20,9,597,483,114,1065,796,269,373,252,121,8,5,3,684,539,145
서울특별시,용산구,원효로1동,546,394,152,105,47,58,22,13,9,419,334,85,493,361,132,128,85,43,22,13,9,343,263,80,517,379,138,132,95,37,2,1,1,383,283,100
서울특별시,용산구,한강로동,907,596,311,174,125,49,14,8,6,719,463,256,767,514,253,171,112,59,14,11,3,582,391,191,806,537,269,174,115,59,3,3,-,629,419,210
서울특별시,용산구,한남동,1125,793,332,200,135,65,40,27,13,885,631,254,906,646,260,214,136,78,38,22,16,654,488,166,856,604,252,182,117,65,5,1,4,669,486,183
서울특별시,성동구,소계,11231,8319,2912,2985,2045,940,352,201,151,7894,6073,1821,11313,8248,3065,3255,2182,1073,502,288,214,7556,5778,1778,12141,8762,3379,3536,2354,1182,239,131,108,8366,6277,2089
서울특별시,성동구,왕십리2동,622,465,157,152,101,51,14,11,3,456,353,103,634,464,170,177,116,61,39,27,12,418,321,97,690,496,194,198,132,66,15,7,8,477,357,120
서울특별시,성동구,마장동,1020,743,277,237,147,90,25,15,10,758,581,177,996,702,294,258,159,99,46,26,20,692,517,175,1070,744,326,264,156,108,21,12,9,785,576,209
서울특별시,성동구,사근동,406,296,110,68,41,27,16,3,13,322,252,70,385,283,102,72,44,28,18,5,13,295,234,61,406,289,117,80,45,35,6,-,6,320,244,76
서울특별시,성동구,행당1동,496,375,121,124,94,30,17,11,6,355,270,85,487,351,136,121,84,37,23,15,8,343,252,91,500,351,149,119,77,42,9,5,4,372,269,103
서울특별시,성동구,행당2동,820,612,208,281,191,90,34,21,13,505,400,105,860,633,227,321,212,109,52,29,23,487,392,95,928,666,262,347,219,128,33,16,17,548,431,117
서울특별시,성동구,응봉동,522,371,151,63,40,23,18,10,8,441,321,120,488,334,154,62,39,23,27,15,12,399,280,119,511,346,165,66,39,27,10,9,1,435,298,137
서울특별시,성동구,금호1가동,676,471,205,272,160,112,19,12,7,385,299,86,719,496,223,300,166,134,29,20,9,390,310,80,759,524,235,308,174,134,17,12,5,434,338,96
서울특별시,성동구,금호4가동,613,466,147,160,115,45,21,10,11,432,341,91,634,475,159,178,124,54,26,11,15,430,340,90,694,514,180,198,134,64,9,4,5,487,376,111
서울특별시,성동구,성수1가1동,531,413,118,129,101,28,19,12,7,383,300,83,542,423,119,147,111,36,12,6,6,383,306,77,603,470,133,160,128,32,9,4,5,434,338,96
서울특별시,성동구,성수1가2동,410,308,102,74,50,24,12,8,4,324,250,74,425,319,106,69,51,18,16,11,5,340,257,83,460,334,126,75,55,20,10,7,3,375,272,103
서울특별시,성동구,성수2가1동,818,644,174,233,176,57,22,12,10,563,456,107,820,630,190,251,182,69,34,19,15,535,429,106,891,690,201,266,190,76,13,7,6,612,493,119
서울특별시,성동구,성수2가3동,437,316,121,70,46,24,10,6,4,357,264,93,361,263,98,65,44,21,11,7,4,285,212,73,393,277,116,65,42,23,2,1,1,326,234,92
서울특별시,성동구,송정동,535,417,118,183,141,42,24,14,10,328,262,66,541,424,117,196,154,42,32,19,13,313,251,62,587,461,126,231,183,48,14,8,6,342,270,72
서울특별시,성동구,용답동,707,538,169,237,170,67,29,14,15,441,354,87,753,553,200,267,192,75,33,18,15,453,343,110,849,625,224,333,240,93,22,14,8,494,371,123
서울특별시,성동구,왕십리도선동,928,656,272,327,218,109,25,16,9,576,422,154,972,679,293,359,233,126,39,26,13,574,420,154,1002,696,306,378,244,134,19,10,9,605,442,163
서울특별시,성동구,금호2.3가동,891,646,245,217,140,77,29,18,11,645,488,157,885,631,254,233,151,82,34,19,15,618,461,157,947,664,283,248,163,85,14,8,6,685,493,192
서울특별시,성동구,옥수동,799,582,217,158,114,44,18,8,10,623,460,163,811,588,223,179,120,59,31,15,16,601,453,148,851,615,236,200,133,67,16,7,9,635,475,160
서울특별시,광진구,소계,12159,9125,3034,3164,2287,877,366,189,177,8629,6649,1980,17429,12637,4792,3489,2504,985,1002,592,410,12938,9541,3397,13657,9993,3664,3875,2769,1106,981,561,420,8801,6663,2138
서울특별시,광진구,화양동,671,506,165,153,111,42,8,5,3,510,390,120,850,623,227,157,109,48,22,15,7,671,499,172,682,500,182,164,117,47,22,16,6,496,367,129
서울특별시,광진구,군자동,853,640,213,251,179,72,16,9,7,586,452,134,1219,883,336,262,190,72,54,31,23,903,662,241,927,660,267,280,201,79,59,32,27,588,427,161
서울특별시,광진구,중곡1동,666,534,132,211,153,58,20,10,10,435,371,64,1025,771,254,236,167,69,70,47,23,719,557,162,759,565,194,254,179,75,70,46,24,435,340,95
서울특별시,광진구,중곡2동,766,604,162,194,148,46,37,22,15,535,434,101,1170,911,259,234,188,46,86,55,31,850,668,182,921,727,194,279,221,58,90,63,27,552,443,109
서울특별시,광진구,중곡3동,852,661,191,266,198,68,31,12,19,555,451,104,1290,966,324,304,227,77,84,45,39,902,694,208,992,767,225,326,248,78,79,50,29,587,469,118
서울특별시,광진구,중곡4동,1236,965,271,363,261,102,50,27,23,823,677,146,1855,1371,484,413,294,119,154,95,59,1288,982,306,1354,1024,330,446,313,133,134,74,60,774,637,137
서울특별시,광진구,능동,366,271,95,81,54,27,11,6,5,274,211,63,519,371,148,91,64,27,29,20,9,399,287,112,408,287,121,103,72,31,29,17,12,276,198,78
서울특별시,광진구,구의1동,802,623,179,214,163,51,19,10,9,569,450,119,1192,907,285,244,188,56,56,35,21,892,684,208,943,704,239,276,207,69,63,43,20,604,454,150
서울특별시,광진구,구의2동,1008,755,253,259,173,86,45,22,23,704,560,144,1427,1032,395,287,191,96,111,65,46,1029,776,253,1126,861,265,341,237,104,110,65,45,675,559,116
서울특별시,광진구,구의3동,758,502,256,145,89,56,16,10,6,597,403,194,952,612,340,134,79,55,46,26,20,772,507,265,790,528,262,144,82,62,48,26,22,598,420,178
서울특별시,광진구,광장동,562,358,204,69,39,30,17,6,11,476,313,163,700,430,270,67,37,30,27,12,15,606,381,225,618,366,252,76,40,36,26,8,18,516,318,198
서울특별시,광진구,자양1동,977,738,239,308,228,80,29,16,13,640,494,146,1523,1103,420,361,263,98,88,53,35,1074,787,287,1147,845,302,396,285,111,85,46,39,666,514,152
서울특별시,광진구,자양2동,803,614,189,220,167,53,21,14,7,562,433,129,1181,884,297,234,167,67,57,30,27,890,687,203,908,685,223,264,179,85,48,17,31,596,489,107
서울특별시,광진구,자양3동,764,511,253,97,73,24,20,6,14,647,432,215,958,613,345,107,77,30,42,18,24,809,518,291,862,547,315,125,90,35,40,15,25,697,442,255
서울특별시,광진구,자양4동,1075,843,232,333,251,82,26,14,12,716,578,138,1568,1160,408,358,263,95,76,45,31,1134,852,282,1220,927,293,401,298,103,78,43,35,741,586,155
서울특별시,동대문구,소계,17040,12803,4237,5271,3797,1474,493,281,212,11276,8725,2551,17653,13017,4636,5675,4007,1668,773,505,268,11205,8505,2700,18625,13464,5161,5993,4227,1766,446,248,198,12186,8989,3197
서울특별시,동대문구,회기동,456,302,154,78,50,28,17,8,9,361,244,117,448,299,149,84,51,33,15,6,9,349,242,107,465,300,165,76,43,33,12,6,6,377,251,126
서울특별시,동대문구,휘경1동,500,374,126,104,78,26,16,8,8,380,288,92,495,357,138,110,77,33,18,12,6,367,268,99,506,354,152,103,70,33,9,4,5,394,280,114
서울특별시,동대문구,휘경2동,908,685,223,176,119,57,24,10,14,708,556,152,924,677,247,181,121,60,34,22,12,709,534,175,976,702,274,188,125,63,17,8,9,771,569,202
서울특별시,동대문구,청량리동,1849,1396,453,769,585,184,53,35,18,1027,776,251,1968,1472,496,837,615,222,78,55,23,1053,802,251,2095,1538,557,893,650,243,51,34,17,1151,854,297
서울특별시,동대문구,용신동,1973,1523,450,674,487,187,29,18,11,1270,1018,252,2076,1541,535,706,509,197,55,38,17,1315,994,321,2207,1615,592,749,540,209,34,21,13,1424,1054,370
서울특별시,동대문구,제기동,1931,1441,490,641,495,146,60,39,21,1230,907,323,1954,1403,551,694,519,175,78,57,21,1182,827,355,2001,1413,588,706,523,183,58,41,17,1237,849,388
서울특별시,동대문구,전농1동,1852,1400,452,678,482,196,55,35,20,1119,883,236,1879,1418,461,701,506,195,106,72,34,1072,840,232,1991,1473,518,741,532,209,56,35,21,1194,906,288
서울특별시,동대문구,전농2동,803,596,207,251,165,86,25,15,10,527,416,111,859,626,233,287,186,101,43,29,14,529,411,118,906,648,258,305,201,104,26,15,11,575,432,143
서울특별시,동대문구,답십리2동,1306,968,338,439,300,139,38,23,15,829,645,184,1369,988,381,479,325,154,87,60,27,803,603,200,1464,1044,420,519,356,163,44,18,26,901,670,231
서울특별시,동대문구,장안1동,1492,1163,329,375,262,113,46,25,21,1071,876,195,1586,1231,355,416,293,123,65,40,25,1105,898,207,1676,1287,389,459,323,136,35,20,15,1182,944,238
서울특별시,동대문구,장안2동,1209,933,276,304,217,87,43,18,25,862,698,164,1250,968,282,316,222,94,54,26,28,880,720,160,1339,1015,324,356,261,95,32,12,20,951,742,209
서울특별시,동대문구,이문1동,831,586,245,213,165,48,24,13,11,594,408,186,843,582,261,232,169,63,45,28,17,566,385,181,895,591,304,244,174,70,24,12,12,627,405,222
서울특별시,동대문구,이문2동,986,744,242,319,216,103,34,21,13,633,507,126,1021,744,277,349,229,120,52,33,19,620,482,138,1067,748,319,354,234,120,23,12,11,690,502,188
서울특별시,동대문,답십리1동,944,692,252,250,176,74,29,13,16,665,503,162,981,711,270,283,185,98,43,27,16,655,499,156,1037,736,301,300,195,105,25,10,15,712,531,181
서울특별시,중랑구,소계,19260,14851,4409,7074,4865,2209,1366,833,533,10820,9153,1667,20695,15724,4971,7778,5365,2413,470,295,175,12447,10064,2383,22438,16977,5461,8428,5868,2560,391,233,158,13619,10876,2743
서울특별시,중랑구,면목2동,1455,1127,328,467,332,135,80,45,35,908,750,158,1526,1158,368,510,351,159,40,23,17,976,784,192,1643,1246,397,562,389,173,28,14,14,1053,843,210
서울특별시,중랑구,면목4동,1045,833,212,500,384,116,112,88,24,433,361,72,1104,866,238,530,406,124,27,20,7,547,440,107,1213,920,293,562,420,142,22,15,7,629,485,144
서울특별시,중랑구,면목5동,527,412,115,163,113,50,29,17,12,335,282,53,570,434,136,184,126,58,10,5,5,376,303,73,630,478,152,203,137,66,8,4,4,419,337,82
서울특별시,중랑구,면목7동,1063,831,232,316,205,111,59,30,29,688,596,92,1108,848,260,349,223,126,28,16,12,731,609,122,1191,898,293,362,229,133,21,12,9,808,657,151
서울특별시,중랑구,상봉1동,958,697,261,395,267,128,69,39,30,494,391,103,1051,775,276,441,309,132,22,10,12,588,456,132,1147,853,294,486,342,144,25,14,11,636,497,139
서울특별시,중랑구,상봉2동,955,757,198,284,208,76,52,29,23,619,520,99,1000,765,235,309,225,84,19,11,8,672,529,143,1111,874,237,365,277,88,12,7,5,734,590,144
서울특별시,중랑구,중화1동,864,691,173,270,177,93,47,28,19,547,486,61,937,741,196,284,193,91,21,19,2,632,529,103,971,768,203,301,212,89,18,15,3,652,541,111
서울특별시,중랑구,중화2동,1676,1305,371,697,508,189,122,77,45,857,720,137,1765,1360,405,755,559,196,33,22,11,977,779,198,1947,1489,458,828,616,212,30,19,11,1089,854,235
서울특별시,중랑구,묵1동,1113,867,246,313,192,121,68,38,30,732,637,95,1206,907,299,337,203,134,28,21,7,841,683,158,1300,960,340,356,218,138,21,12,9,923,730,193
서울특별시,중랑구,묵2동,962,740,222,315,219,96,58,39,19,589,482,107,979,745,234,319,220,99,31,17,14,629,508,121,1067,794,273,350,248,102,29,14,15,688,532,156
서울특별시,중랑구,망우3동,1106,853,253,483,359,124,81,55,26,542,439,103,1177,903,274,528,388,140,24,14,10,625,501,124,1271,968,303,581,437,144,16,11,5,674,520,154
서울특별시,중랑구,신내1동,1260,939,321,495,271,224,135,71,64,630,597,33,1341,969,372,526,288,238,44,28,16,771,653,118,1475,1065,410,566,315,251,44,29,15,865,721,144
서울특별시,중랑구,신내2동,1134,799,335,440,280,160,85,54,31,609,465,144,1222,858,364,493,328,165,28,15,13,701,515,186,1310,918,392,523,347,176,23,9,14,764,562,202
서울특별시,중랑구,면목본동,1889,1486,403,692,479,213,136,85,51,1061,922,139,2040,1583,457,791,554,237,44,29,15,1205,1000,205,2187,1681,506,826,576,250,33,22,11,1328,1083,245
서울특별시,중랑구,면목3.8동,1443,1115,328,546,379,167,109,67,42,788,669,119,1575,1201,374,568,396,172,32,20,12,975,785,190,1686,1285,401,610,422,188,22,14,8,1054,849,205
서울특별시,중랑구,망우본동,1810,1399,411,698,492,206,124,71,53,988,836,152,2094,1611,483,854,596,258,39,25,14,1201,990,211,2289,1780,509,947,683,264,39,22,17,1303,1075,228
서울특별시,성북구,소계,18225,13151,5074,4725,3151,1574,698,394,304,12802,9606,3196,18524,13130,5394,6880,4568,2312,336,166,170,11308,8396,2912,19763,13842,5921,7495,4987,2508,994,582,412,11274,8273,3001
서울특별시,성북구,돈암1동,679,486,193,221,146,75,31,18,13,427,322,105,713,499,214,370,234,136,14,9,5,329,256,73,744,524,220,391,243,148,30,13,17,323,268,55
서울특별시,성북구,돈암2동,574,383,191,138,77,61,15,10,5,421,296,125,595,385,210,198,122,76,16,9,7,381,254,127,629,398,231,211,131,80,22,15,7,396,252,144
서울특별시,성북구,안암동,621,436,185,146,116,30,24,9,15,451,311,140,617,413,204,179,129,50,18,5,13,420,279,141,650,438,212,174,124,50,26,14,12,450,300,150
서울특별시,성북구,보문동,705,510,195,143,94,49,34,16,18,528,400,128,715,527,188,200,138,62,19,10,9,496,379,117,773,561,212,225,154,71,32,18,14,516,389,127
서울특별시,성북구,정능1동,637,462,175,146,99,47,23,14,9,468,349,119,629,452,177,205,131,74,10,5,5,414,316,98,661,465,196,222,145,77,27,19,8,412,301,111
서울특별시,성북구,정능2동,998,742,256,196,132,64,42,26,16,760,584,176,987,697,290,288,192,96,15,10,5,684,495,189,1078,747,331,320,215,105,66,43,23,692,489,203
서울특별시,성북구,정능3동,974,683,291,259,153,106,51,26,25,664,504,160,973,667,306,373,226,147,18,11,7,582,430,152,1012,693,319,428,263,165,83,36,47,501,394,107
서울특별시,성북구,정능4동,1161,846,315,256,165,91,46,31,15,859,650,209,1203,869,334,376,250,126,17,5,12,810,614,196,1281,921,360,399,260,139,104,64,40,778,597,181
서울특별시,성북구,길음1동,859,638,221,217,147,70,42,22,20,600,469,131,888,635,253,344,231,113,27,11,16,517,393,124,935,648,287,377,241,136,43,22,21,515,385,130
서울특별시,성북구,길음2동,668,522,146,194,139,55,19,9,10,455,374,81,680,532,148,294,188,106,16,8,8,370,336,34,706,551,155,333,223,110,37,26,11,336,302,34
서울특별시,성북구,월곡1동,1079,791,288,315,195,120,28,19,9,736,577,159,1118,810,308,466,296,170,15,9,6,637,505,132,1211,860,351,517,327,190,52,35,17,642,498,144
서울특별시,성북구,월곡2동,890,640,250,255,179,76,37,23,14,598,438,160,895,621,274,353,225,128,17,7,10,525,389,136,948,653,295,381,246,135,70,44,26,497,363,134
서울특별시,성북구,장위1동,1058,813,245,356,251,105,37,25,12,665,537,128,1141,861,280,577,402,175,14,7,7,550,452,98,1226,934,292,630,446,184,74,48,26,522,440,82
서울특별시,성북구,장위2동,817,591,226,285,180,105,26,14,12,506,397,109,848,607,241,414,277,137,15,8,7,419,322,97,922,652,270,464,320,144,32,19,13,426,313,113
서울특별시,성북구,장위3동,460,364,96,149,102,47,22,11,11,289,251,38,467,361,106,202,144,58,13,4,9,252,213,39,522,397,125,230,162,68,32,18,14,260,217,43
서울특별시,성북구,성북동,793,535,258,105,63,42,21,8,13,667,464,203,770,509,261,166,108,58,15,7,8,589,394,195,819,528,291,174,110,64,36,15,21,609,403,206
서울특별시,성북구,삼선동,1068,768,300,251,181,70,48,32,16,769,555,214,1068,766,302,369,271,98,21,10,11,678,485,193,1148,812,336,382,281,101,50,31,19,716,500,216
서울특별시,성북구,동선동,678,484,194,147,99,48,30,17,13,501,368,133,608,425,183,194,132,62,13,8,5,401,285,116,649,440,209,193,124,69,24,14,10,432,302,130
서울특별시,성북구,종암동,1685,1080,605,422,271,151,64,34,30,1199,775,424,1738,1102,636,613,379,234,19,10,9,1106,713,393,1856,1174,682,677,426,251,78,46,32,1101,702,399
서울특별시,성북구,석관동,1821,1377,444,524,362,162,58,30,28,1239,985,254,1871,1392,479,699,493,206,24,13,11,1148,886,262,1993,1446,547,767,546,221,76,42,34,1150,858,292
서울특별시,강북구,소계,25195,18812,6383,5984,4269,1715,1039,671,368,18172,13872,4300,26603,19325,7278,6760,4705,2055,854,510,344,18989,14110,4879,20398,14862,5536,7635,5241,2394,767,463,304,11996,9158,2838
서울특별시,강북구,번1동,1469,1126,343,327,237,90,41,33,8,1101,856,245,1578,1213,365,380,280,100,35,28,7,1163,905,258,1207,921,286,401,301,100,34,26,8,772,594,178
서울특별시,강북구,번2동,1798,1331,467,476,335,141,121,82,39,1201,914,287,1894,1361,533,548,382,166,96,49,47,1250,930,320,1352,974,378,636,437,199,94,55,39,622,482,140
서울특별시,강북구,번3동,2299,1801,498,782,592,190,104,79,25,1413,1130,283,2532,1886,646,857,617,240,88,59,29,1587,1210,377,1695,1217,478,1059,709,350,73,49,24,563,459,104
서울특별시,강북구,수유1동,1802,1354,448,438,320,118,72,49,23,1292,985,307,1843,1331,512,470,322,148,55,33,22,1318,976,342,1449,1064,385,509,350,159,57,35,22,883,679,204
서울특별시,강북구,수유2동,1602,1101,501,357,229,128,65,35,30,1180,837,343,1710,1145,565,419,255,164,54,31,23,1237,859,378,1318,896,422,434,266,168,59,32,27,825,598,227
서울특별시,강북구,수유3동,1883,1431,452,406,295,111,66,45,21,1411,1091,320,2010,1483,527,488,357,131,49,32,17,1473,1094,379,1586,1173,413,554,390,164,43,32,11,989,751,238
서울특별시,강북구,삼양동,2073,1592,481,496,372,124,76,47,29,1501,1173,328,2122,1586,536,546,400,146,65,35,30,1511,1151,360,1625,1201,424,599,421,178,57,30,27,969,750,219
서울특별시,강북구,미아동,1903,1463,440,410,315,95,90,61,29,1403,1087,316,2005,1493,512,445,335,110,76,41,35,1484,1117,367,1601,1179,422,527,382,145,54,25,29,1020,772,248
서울특별시,강북구,송중동,2058,1555,503,428,300,128,82,53,29,1548,1202,346,2124,1564,560,481,329,152,69,42,27,1574,1193,381,1700,1276,424,521,370,151,68,45,23,1111,861,250
서울특별시,강북구,송천동,2659,2023,636,603,451,152,88,54,34,1968,1518,450,2734,2038,696,675,496,179,69,43,26,1990,1499,491,2146,1598,548,743,545,198,58,37,21,1345,1016,329
서울특별시,강북구,삼각산동,1507,1054,453,463,299,164,43,27,16,1001,728,273,1660,1120,540,515,316,199,49,36,13,1096,768,328,1178,816,362,576,364,212,41,28,13,561,424,137
서울특별시,강북구,우이동,1674,1199,475,301,196,105,79,48,31,1294,955,339,1727,1196,531,331,210,121,68,40,28,1328,946,382,1416,1002,414,390,255,135,58,35,23,968,712,256
서울특별시,강북구,인수동,2468,1782,686,497,328,169,112,58,54,1859,1396,463,2664,1909,755,605,406,199,81,41,40,1978,1462,516,2125,1545,580,686,451,235,71,34,37,1368,1060,308
서울특별시,도봉구,소계,14961,10891,4070,3927,2577,1350,743,391,352,10291,7923,2368,16031,11494,4537,4458,2895,1563,652,331,321,10921,8268,2653,17136,12129,5007,4964,3221,1743,1133,631,502,11039,8277,2762
서울특별시,도봉구,쌍문1동,1003,731,272,324,202,122,56,32,24,623,497,126,1084,784,300,346,202,144,52,33,19,686,549,137,1144,810,334,358,215,143,113,74,39,673,521,152
서울특별시,도봉구,쌍문2동,1043,720,323,278,181,97,76,37,39,689,502,187,1126,772,354,313,196,117,65,28,37,748,548,200,1220,846,374,375,241,134,101,57,44,744,548,196
서울특별시,도봉구,쌍문3동,873,686,187,265,181,84,42,30,12,566,475,91,915,687,228,277,191,86,40,25,15,598,471,127,974,715,259,291,196,95,82,48,34,601,471,130
서울특별시,도봉구,쌍문4동,541,358,183,73,30,43,27,12,15,441,316,125,588,392,196,82,34,48,29,14,15,477,344,133,645,424,221,108,24,84,47,25,22,490,375,115
서울특별시,도봉구,방학1동,1420,1091,329,483,360,123,72,39,33,865,692,173,1547,1190,357,546,404,142,53,28,25,948,758,190,1666,1254,412,604,448,156,86,48,38,976,758,218
서울특별시,도봉구,방학2동,1327,1004,323,544,359,185,77,39,38,706,606,100,1446,1077,369,649,434,215,71,35,36,726,608,118,1548,1141,407,717,481,236,112,73,39,719,587,132
서울특별시,도봉구,방학3동,894,617,277,86,38,48,40,25,15,768,554,214,926,611,315,100,48,52,35,20,15,791,543,248,998,640,358,116,62,54,77,37,40,805,541,264
서울특별시,도봉구,창1동,1077,754,323,185,109,76,25,11,14,867,634,233,1130,795,335,208,129,79,27,13,14,895,653,242,1223,851,372,238,152,86,42,20,22,943,679,264
서울특별시,도봉구,창2동,1135,837,298,274,177,97,53,33,20,808,627,181,1211,869,342,312,182,130,46,25,21,853,662,191,1294,910,384,335,205,130,104,57,47,855,648,207
서울특별시,도봉구,창3동,815,591,224,293,194,99,45,20,25,477,377,100,861,619,242,308,207,101,35,18,17,518,394,124,906,654,252,374,241,133,46,28,18,486,385,101
서울특별시,도봉구,창4동,841,565,276,98,54,44,33,15,18,710,496,214,880,598,282,112,70,42,28,10,18,740,518,222,945,640,305,122,76,46,32,13,19,791,551,240
서울특별시,도봉구,창5동,851,600,251,147,94,53,32,17,15,672,489,183,937,654,283,167,104,63,29,13,16,741,537,204,981,678,303,193,120,73,47,21,26,741,537,204
서울특별시,도봉구,도봉1동,1679,1269,410,481,345,136,83,36,47,1115,888,227,1800,1318,482,568,393,175,73,33,40,1159,892,267,1911,1383,528,632,442,190,151,85,66,1128,856,272
서울특별시,도봉구,도봉2동,1462,1068,394,396,253,143,82,45,37,984,770,214,1580,1128,452,470,301,169,69,36,33,1041,791,250,1681,1183,498,501,318,183,93,45,48,1087,820,267
서울특별시,노원구,소계,23770,17416,6354,8770,5917,2853,830,460,370,14170,11039,3131,24701,17764,6937,9519,6272,3247,738,383,355,14444,11109,3335,36839,25500,11339,10115,6657,3458,482,211,271,26242,18632,7610
서울특별시,노원구,월계1동,969,748,221,268,190,78,29,16,13,672,542,130,987,726,261,262,180,82,32,13,19,693,533,160,1374,984,390,299,204,95,19,6,13,1056,774,282
서울특별시,노원구,월계2동,1839,1406,433,1019,703,316,55,34,21,765,669,96,1925,1454,471,1055,721,334,58,35,23,812,698,114,3183,2286,897,1107,751,356,39,26,13,2037,1509,528
서울특별시,노원구,월계3동,1663,1219,444,639,448,191,56,30,26,968,741,227,1732,1251,481,705,476,229,46,21,25,981,754,227,2613,1836,777,760,517,243,26,14,12,1827,1305,522
서울특별시,노원구,공릉2동,1130,849,281,245,166,79,35,14,21,850,669,181,1194,906,288,300,201,99,37,18,19,857,687,170,2407,1803,604,319,210,109,21,8,13,2067,1585,482
서울특별시,노원구,하계1동,1590,1164,426,947,664,283,46,33,13,597,467,130,1633,1173,460,1001,684,317,38,26,12,594,463,131,2363,1684,679,1047,720,327,27,13,14,1289,951,338
서울특별시,노원구,하계2동,799,559,240,291,194,97,35,21,14,473,344,129,850,589,261,334,212,122,27,17,10,489,360,129,2089,1441,648,360,215,145,18,13,5,1711,1213,498
서울특별시,노원구,중계본동,588,433,155,130,84,46,32,17,15,426,332,94,572,407,165,126,77,49,25,14,11,421,316,105,1033,680,353,124,74,50,18,3,15,891,603,288
서울특별시,노원구,중계1동,542,381,161,171,103,68,21,8,13,350,270,80,559,384,175,196,117,79,19,8,11,344,259,85,808,546,262,214,135,79,13,5,8,581,406,175
서울특별시,노원구,중계4동,1284,938,346,650,448,202,43,21,22,591,469,122,1328,949,379,696,464,232,30,10,20,602,475,127,1355,908,447,745,496,249,24,8,16,586,404,182
서울특별시,노원구,상계1동,1522,1126,396,460,285,175,59,40,19,1003,801,202,1633,1188,445,543,333,210,52,35,17,1038,820,218,2006,1362,644,580,358,222,36,17,19,1390,987,403
서울특별시,노원구,상계2동,854,641,213,258,178,80,35,16,19,561,447,114,895,654,241,289,201,88,28,7,21,578,446,132,3007,2044,963,259,186,73,19,3,16,2729,1855,874
서울특별시,노원구,상계5동,1455,1070,385,447,297,150,61,37,24,947,736,211,1547,1096,451,495,323,172,56,32,24,996,741,255,2374,1688,686,579,393,186,34,20,14,1761,1275,486
서울특별시,노원구,상계8동,639,453,186,45,22,23,10,4,6,584,427,157,659,454,205,53,26,27,7,3,4,599,425,174,1034,733,301,64,32,32,4,2,2,966,699,267
서울특별시,노원구,상계9동,777,522,255,97,54,43,25,11,14,655,457,198,826,559,267,111,62,49,25,8,17,690,489,201,2240,1573,667,126,73,53,10,2,8,2104,1498,606
서울특별시,노원구,상계10동,554,383,171,69,29,40,13,7,6,472,347,125,569,386,183,74,36,38,12,6,6,483,344,139,1732,1194,538,79,43,36,9,3,6,1644,1148,496
서울특별시,노원구,상계3.4동,1972,1465,507,871,583,288,99,54,45,1002,828,174,1977,1422,555,921,590,331,80,38,42,976,794,182,2404,1564,840,957,611,346,51,20,31,1396,933,463
서울특별시,노원구,상계6.7동,1253,845,408,142,79,63,29,10,19,1082,756,326,1305,873,432,165,92,73,33,15,18,1107,766,341,929,601,328,188,111,77,26,6,20,715,484,231
서울특별시,노원구,중계2.3동,2530,1792,738,1288,858,430,100,66,34,1142,868,274,2594,1807,787,1405,909,496,89,59,30,1100,839,261,2408,1547,861,1463,923,540,60,35,25,885,589,296
서울특별시,노원구,공릉1동,1810,1422,388,733,532,201,47,21,26,1030,869,161,1916,1486,430,788,568,220,44,18,26,1084,900,184,1480,1026,454,845,605,240,28,7,21,607,414,193
서울특별시,은평구,소계,20800,13782,7018,6273,4267,2006,695,405,290,13832,9110,4722,22087,16276,5811,6927,4617,2310,625,354,271,14535,11305,3230,23291,16905,6386,7630,5095,2535,547,309,238,15114,11501,3613
서울특별시,은평구,녹번동,1965,1605,360,524,372,152,57,30,27,1384,1203,181,2106,1549,557,587,412,175,53,23,30,1466,1114,352,2238,1626,612,665,461,204,49,25,24,1524,1140,384
서울특별시,은평구,불광1동,1995,1636,359,601,428,173,61,38,23,1333,1170,163,2143,1550,593,675,459,216,46,29,17,1422,1062,360,2263,1621,642,758,514,244,42,22,20,1463,1085,378
서울특별시,은평구,갈현1동,1209,789,420,423,293,130,49,31,18,737,465,272,853,655,198,358,229,129,37,21,16,458,405,53,876,667,209,330,204,126,27,12,15,519,451,68
서울특별시,은평구,갈현2동,1128,730,398,301,203,98,45,26,19,782,501,281,1223,923,300,352,236,116,38,17,21,833,670,163,1295,954,341,403,270,133,36,15,21,856,669,187
서울특별시,은평구,구산동,1235,784,451,385,270,115,50,26,24,800,488,312,1344,997,347,415,276,139,47,27,20,882,694,188,1413,1033,380,468,306,162,43,27,16,902,700,202
서울특별시,은평구,대조동,1459,913,546,435,297,138,40,20,20,984,596,388,1531,1122,409,487,338,149,44,22,22,1000,762,238,1608,1155,453,518,357,161,33,13,20,1057,785,272
서울특별시,은평구,응암1동,1163,725,438,278,187,91,29,15,14,856,523,333,1252,931,321,323,217,106,24,12,12,905,702,203,1326,971,355,363,245,118,23,11,12,940,715,225
서울특별시,은평구,응암2동,846,518,328,333,208,125,25,14,11,488,296,192,931,675,256,355,224,131,26,15,11,550,436,114,924,677,247,369,243,126,25,13,12,530,421,109
서울특별시,은평구,신사1동,1006,632,374,252,167,85,33,19,14,721,446,275,1105,826,279,272,176,96,29,17,12,804,633,171,1155,849,306,295,200,95,22,11,11,838,638,200
서울특별시,은평구,신사2동,907,553,354,251,159,92,27,13,14,629,381,248,935,666,269,270,167,103,24,10,14,641,489,152,981,693,288,306,195,111,16,9,7,659,489,170
서울특별시,은평구,증산동,699,453,246,152,106,46,22,14,8,525,333,192,756,574,182,168,111,57,16,13,3,572,450,122,781,586,195,199,142,57,14,9,5,568,435,133
서울특별시,은평구,수색동,495,305,190,209,144,65,9,3,6,277,158,119,570,417,153,239,159,80,11,4,7,320,254,66,648,459,189,264,176,88,12,8,4,372,275,97
서울특별시,은평구,진관동,1188,735,453,382,246,136,45,24,21,761,465,296,1338,989,349,434,273,161,49,29,20,855,687,168,1413,1025,388,476,293,183,40,27,13,897,705,192
서울특별시,은평구,불광2동,1817,1163,654,641,453,188,57,34,23,1119,676,443,1989,1504,485,718,496,222,51,33,18,1220,975,245,2113,1575,538,808,568,240,45,32,13,1260,975,285
서울특별시,은평구,응암3동,1706,1004,702,527,351,176,57,36,21,1122,617,505,1843,1304,539,608,408,200,47,27,20,1188,869,319,1957,1353,604,669,448,221,40,20,20,1248,885,363
서울특별시,은평구,역촌동,1982,1237,745,579,383,196,89,62,27,1314,792,522,2168,1594,574,666,436,230,83,55,28,1419,1103,316,2300,1661,639,739,473,266,80,55,25,1481,1133,348
서울특별시,서대문구,소계,13620,9651,3969,3478,2259,1219,801,466,335,9341,6926,2415,13663,9563,4100,3820,2445,1375,144,65,79,9699,7053,2646,14318,9867,4451,3880,2665,1215,329,224,105,10109,6978,3131
서울특별시,서대문구,천연동,1001,679,322,341,199,142,23,11,12,637,469,168,1000,675,325,372,225,147,6,3,3,622,447,175,1033,685,348,383,252,131,12,10,2,638,423,215
서울특별시,서대문구,홍제1동,1104,784,320,246,171,75,62,32,30,796,581,215,1127,790,337,267,182,85,18,9,9,842,599,243,1195,841,354,267,193,74,31,15,16,897,633,264
서울특별시,서대문구,홍제3동,1061,715,346,255,153,102,90,50,40,716,512,204,1009,674,335,284,165,119,9,5,4,716,504,212,1054,690,364,315,204,111,41,30,11,698,456,242
서울특별시,서대문구,홍제2동,701,507,194,214,142,72,51,28,23,436,337,99,709,506,203,251,167,84,9,4,5,449,335,114,724,503,221,136,54,82,15,10,5,573,439,134
서울특별시,서대문구,홍은1동,1120,772,348,294,180,114,76,43,33,750,549,201,1129,776,353,309,188,121,12,4,8,808,584,224,1181,792,389,328,216,112,39,31,8,814,545,269
서울특별시,서대문구,홍은2동,1226,864,362,276,191,85,96,63,33,854,610,244,1209,847,362,303,196,107,6,1,5,900,650,250,1275,874,401,256,172,84,26,21,5,993,681,312
서울특별시,서대문구,남가좌1동,430,331,99,101,64,37,22,14,8,307,253,54,422,323,99,118,75,43,5,2,3,299,246,53,444,333,111,130,88,42,5,5,-,309,240,69
서울특별시,서대문구,남가좌2동,1239,903,336,407,274,133,65,41,24,767,588,179,1280,915,365,441,295,146,7,5,2,832,615,217,1368,968,400,470,338,132,27,22,5,871,608,263
서울특별시,서대문구,북가좌1동,569,409,160,144,91,53,37,25,12,388,293,95,559,399,160,154,97,57,10,5,5,395,297,98,585,397,188,164,114,50,15,7,8,406,276,130
서울특별시,서대문구,북가좌2동,1581,1180,401,418,278,140,123,76,47,1040,826,214,1604,1165,439,476,303,173,10,6,4,1118,856,262,1678,1207,471,533,386,147,48,43,5,1097,778,319
서울특별시,서대문구,충현동,938,667,271,247,168,79,40,23,17,651,476,175,941,661,280,265,175,90,14,6,8,662,480,182,987,688,299,290,208,82,21,9,12,676,471,205
서울특별시,서대문구,북아현동,633,456,177,190,135,55,25,14,11,418,307,111,646,457,189,203,139,64,6,2,4,437,316,121,669,478,191,210,162,48,12,4,8,447,312,135
서울특별시,서대문구,신촌동,609,418,191,93,58,35,42,18,24,474,342,132,593,392,201,96,62,34,19,7,12,478,323,155,646,425,221,107,71,36,14,4,10,525,350,175
서울특별시,서대문구,연희동,1408,966,442,252,155,97,49,28,21,1107,783,324,1435,983,452,281,176,105,13,6,7,1141,801,340,1479,986,493,291,207,84,23,13,10,1165,766,399
서울특별시,마포구,소계,13329,9102,4227,3059,2009,1050,554,300,254,9716,6793,2923,13821,9375,4446,3152,2054,1098,859,526,333,9810,6795,3015,14065,9715,4350,3593,2377,1216,396,239,157,10076,7099,2977
서울특별시,마포구,용강동,661,457,204,165,108,57,23,10,13,473,339,134,709,488,221,181,117,64,49,32,17,479,339,140,721,480,241,193,123,70,22,11,11,506,346,160
서울특별시,마포구,대흥동,627,469,158,180,145,35,31,18,13,416,306,110,649,464,185,140,99,41,31,20,11,478,345,133,685,473,212,196,139,57,11,7,4,478,327,151
서울특별시,마포구,염리동,544,161,383,141,44,97,22,5,17,381,112,269,778,538,240,163,111,52,49,32,17,566,395,171,588,417,171,165,110,55,17,13,4,406,294,112
서울특별시,마포구,신수동,716,527,189,111,75,36,12,8,4,593,444,149,704,493,211,125,77,48,53,35,18,526,381,145,745,498,247,137,83,54,16,12,4,592,403,189
서울특별시,마포구,서교동,791,561,230,93,76,17,33,21,12,665,464,201,815,254,561,103,45,58,19,1,18,693,208,485,858,598,260,107,87,20,17,11,6,734,500,234
서울특별시,마포구,합정동,646,476,170,122,88,34,20,11,9,504,377,127,650,471,179,124,93,31,23,13,10,503,365,138,678,474,204,130,93,37,14,7,7,534,374,160
서울특별시,마포구,망원1동,832,671,161,208,174,34,48,22,26,576,475,101,858,613,245,203,135,68,63,31,32,592,447,145,902,645,257,223,150,73,18,11,7,661,484,177
서울특별시,마포구,망원2동,671,484,187,153,93,60,29,15,14,489,376,113,686,474,212,142,85,57,43,23,20,501,366,135,720,490,230,159,93,66,18,8,10,543,389,154
서울특별시,마포구,연남동,520,156,364,83,21,62,24,10,14,413,125,288,546,387,159,99,63,36,39,21,18,408,303,105,567,399,168,113,75,38,20,14,6,434,310,124
서울특별시,마포구,성산1동,806,583,223,132,86,46,27,17,10,647,480,167,679,495,184,211,137,74,37,25,12,431,333,98,720,526,194,168,113,55,23,14,9,529,399,130
서울특별시,마포구,성산2동,1669,1231,438,578,417,161,81,52,29,1010,762,248,1799,1284,515,643,453,190,153,108,45,1003,723,280,1870,1291,579,721,489,232,65,41,24,1084,761,323
서울특별시,마포구,상암동,834,566,268,172,100,72,61,28,33,601,438,163,735,539,196,225,127,98,121,77,44,389,335,54,794,579,215,274,163,111,40,18,22,480,398,82
서울특별시,마포구,도화동,818,557,261,203,129,74,16,9,7,599,419,180,914,611,303,86,49,37,35,19,16,793,543,250,929,610,319,237,146,91,17,10,7,675,454,221
서울특별시,마포구,서강동,772,538,234,106,77,29,22,15,7,644,446,198,658,446,212,112,79,33,41,28,13,505,339,166,693,455,238,122,81,41,20,15,5,551,359,192
서울특별시,마포구,공덕동,1805,1222,583,467,290,177,84,43,41,1254,889,365,1713,1180,533,418,274,144,79,44,35,1216,862,354,1790,1221,569,444,306,138,53,30,23,1293,885,408
서울특별시,마포구,아현동,617,443,174,145,86,59,21,16,5,451,341,110,928,638,290,177,110,67,24,17,7,727,511,216,805,559,246,204,126,78,25,17,8,576,416,160
서울특별시,양천구,소계,15131,11571,3560,4680,3205,1475,558,291,267,9893,8075,1818,16744,12576,4168,5103,3453,1650,529,272,257,11112,8851,2261,17825,13301,4524,5791,3904,1887,471,255,216,11563,9142,2421
서울특별시,양천구,목1동,504,378,126,131,86,45,10,5,5,363,287,76,557,404,153,149,91,58,12,7,5,396,306,90,586,417,169,160,100,60,16,7,9,410,310,100
서울특별시,양천구,목2동,878,681,197,266,186,80,37,14,23,575,481,94,960,728,232,269,192,77,31,13,18,660,523,137,1001,760,241,302,207,95,28,14,14,671,539,132
서울특별시,양천구,목3동,744,561,183,217,152,65,28,14,14,499,395,104,839,640,199,257,187,70,32,16,16,550,437,113,917,693,224,301,215,86,20,11,9,596,467,129
서울특별시,양천구,목4동,762,573,189,219,149,70,23,12,11,520,412,108,848,617,231,240,161,79,25,14,11,583,442,141,879,634,245,258,169,89,25,15,10,596,450,146
서울특별시,양천구,신월1동,1234,983,251,504,354,150,43,26,17,687,603,84,1388,1094,294,562,404,158,44,23,21,782,667,115,1474,1147,327,605,428,177,36,19,17,833,700,133
서울특별시,양천구,신월2동,810,646,164,211,136,75,38,20,18,561,490,71,893,690,203,230,145,85,34,19,15,629,526,103,994,763,231,284,182,102,27,15,12,683,566,117
서울특별시,양천구,신월3동,1064,837,227,436,320,116,43,27,16,585,490,95,1157,883,274,452,319,133,37,25,12,668,539,129,1275,979,296,507,368,139,36,23,13,732,588,144
서울특별시,양천구,신월4동,596,462,134,116,75,41,31,11,20,449,376,73,660,495,165,123,78,45,27,8,19,510,409,101,711,531,180,143,91,52,28,13,15,540,427,113
서울특별시,양천구,신월5동,597,482,115,198,146,52,24,15,9,375,321,54,650,514,136,211,153,58,19,10,9,420,351,69,674,534,140,238,171,67,17,11,6,419,352,67
서울특별시,양천구,신월6동,364,301,63,68,45,23,9,6,3,287,250,37,389,312,77,89,59,30,7,3,4,293,250,43,414,330,84,102,68,34,5,3,2,307,259,48
서울특별시,양천구,신월7동,1164,846,318,300,197,103,87,41,46,777,608,169,1276,922,354,314,206,108,74,30,44,888,686,202,1370,971,399,369,237,132,67,26,41,934,708,226
서울특별시,양천구,신정1동,466,328,138,74,52,22,16,7,9,376,269,107,510,351,159,82,56,26,15,5,10,413,290,123,523,347,176,95,61,34,11,4,7,417,282,135
서울특별시,양천구,신정2동,597,440,157,260,169,91,22,15,7,315,256,59,640,469,171,284,181,103,27,21,6,329,267,62,687,493,194,328,205,123,20,15,5,339,273,66
서울특별시,양천구,신정3동,1575,1222,353,502,342,160,62,33,29,1011,847,164,1760,1352,408,567,386,181,67,36,31,1126,930,196,1911,1473,438,669,464,205,60,35,25,1182,974,208
서울특별시,양천구,신정6동,349,238,111,13,10,3,4,0,4,332,228,104,398,270,128,14,7,7,5,-,5,379,263,116,403,267,136,15,7,8,3,-,3,385,260,125
서울특별시,양천구,신정7동,1376,1027,349,688,453,235,42,25,17,646,549,97,1522,1106,416,723,462,261,37,21,16,762,623,139,1626,1176,450,822,522,300,36,20,16,768,634,134
서울특별시,양천구,목5동,558,365,193,11,7,4,4,0,4,543,358,185,633,428,205,13,8,5,5,2,3,615,418,197,621,424,197,13,8,5,3,1,2,605,415,190
서울특별시,양천구,신정4동,1493,1201,292,466,326,140,35,20,15,992,855,137,1664,1301,363,524,358,166,31,19,12,1109,924,185,1759,1362,397,580,401,179,33,23,10,1146,938,208
서울특별시,강서구,소계,22863,17209,5654,8818,6046,2772,698,402,296,13347,10761,2586,24691,18473,6218,9757,6670,3087,676,411,265,14258,11392,2866,26046,19493,6553,10606,7326,3280,642,391,251,14798,11776,3022
서울특별시,강서구,염창동,629,487,142,73,42,31,15,8,7,541,437,104,677,516,161,72,41,31,16,7,9,589,468,121,681,512,169,78,43,35,16,10,6,587,459,128
서울특별시,강서구,등촌1동,758,419,339,86,56,30,12,5,7,660,358,302,778,430,348,82,51,31,6,1,5,690,378,312,835,472,363,95,60,35,10,4,6,730,408,322
서울특별시,강서구,등촌2동,530,398,132,106,66,40,17,9,8,407,323,84,576,419,157,104,62,42,21,9,12,451,348,103,604,449,155,129,80,49,18,8,10,457,361,96
서울특별시,강서구,등촌3동,2696,1863,833,1777,1247,530,61,31,30,858,585,273,2864,1994,870,1905,1341,564,65,44,21,894,609,285,3055,2152,903,2092,1477,615,60,39,21,903,636,267
서울특별시,강서구,화곡본동,1212,960,252,404,260,144,59,28,31,749,672,77,1332,1044,288,441,285,156,40,17,23,851,742,109,1427,1113,314,501,341,160,38,20,18,888,752,136
서울특별시,강서구,화곡2동,674,531,143,216,153,63,29,17,12,429,361,68,757,597,160,249,178,71,25,20,5,483,399,84,802,628,174,270,189,81,25,21,4,507,418,89
서울특별시,강서구,화곡3동,781,583,198,183,116,67,13,9,4,585,458,127,826,620,206,187,119,68,18,13,5,621,488,133,850,628,222,194,126,68,19,11,8,637,491,146
서울특별시,강서구,화곡4동,903,728,175,303,208,95,30,16,14,570,504,66,979,767,212,337,238,99,28,16,12,614,513,101,1051,816,235,393,275,118,27,12,15,631,529,102
서울특별시,강서구,화곡6동,917,711,206,270,162,108,32,20,12,615,529,86,999,776,223,305,192,113,28,18,10,666,566,100,1053,808,245,327,214,113,23,12,11,703,582,121
서울특별시,강서구,화곡8동,1011,832,179,272,192,80,40,29,11,699,611,88,1071,861,210,288,203,85,31,21,10,752,637,115,1132,911,221,328,239,89,30,19,11,774,653,121
서울특별시,강서구,가양1동,539,413,126,67,34,33,19,9,10,453,370,83,568,441,127,60,31,29,20,7,13,488,403,85,584,452,132,68,34,34,22,9,13,494,409,85
서울특별시,강서구,가양2동,1690,1253,437,1205,838,367,44,29,15,441,386,55,1926,1408,518,1403,971,432,54,36,18,469,401,68,1982,1463,519,1477,1026,451,45,29,16,460,408,52
서울특별시,강서구,가양3동,1328,986,342,817,561,256,43,28,15,468,397,71,1425,1059,366,884,597,287,42,25,17,499,437,62,1515,1125,390,921,617,304,45,28,17,549,480,69
서울특별시,강서구,발산1동,893,699,194,281,188,93,42,27,15,570,484,86,995,752,243,319,201,118,47,32,15,629,519,110,1095,819,276,400,266,134,43,31,12,652,522,130
서울특별시,강서구,공항동,1021,816,205,333,235,98,55,35,20,633,546,87,1051,841,210,374,262,112,44,34,10,633,545,88,1081,860,221,367,256,111,39,31,8,675,573,102
서울특별시,강서구,방화1동,1228,936,292,307,201,106,50,26,24,871,709,162,1314,1008,306,351,235,116,35,20,15,928,753,175,1368,1062,306,369,260,109,29,18,11,970,784,186
서울특별시,강서구,방화2동,1449,1078,371,609,417,192,40,27,13,800,634,166,1571,1148,423,684,464,220,40,30,10,847,654,193,1667,1226,441,727,503,224,41,30,11,899,693,206
서울특별시,강서구,방화3동,1722,1262,460,818,572,246,27,15,12,877,675,202,1899,1372,527,940,650,290,38,23,15,921,699,222,1992,1439,553,1000,693,307,36,21,15,956,725,231
서울특별시,강서구,화곡1동,1978,1559,419,522,384,138,58,30,28,1398,1145,253,2087,1652,435,576,423,153,64,35,29,1447,1194,253,2261,1791,470,671,497,174,61,33,28,1529,1261,268
서울특별시,강서구,우장산동,904,695,209,169,114,55,12,4,8,723,577,146,996,768,228,196,126,70,14,3,11,786,639,147,1011,767,244,199,130,69,15,5,10,797,632,165
서울특별시,구로구,소계,15983,12041,3942,3770,2535,1235,576,325,251,11637,9181,2456,17186,12868,4318,4345,2902,1443,524,293,231,12317,9673,2644,18521,13703,4818,4799,3232,1567,470,268,202,13252,10203,3049
서울특별시,구로구,신도림동,621,460,161,53,32,21,19,7,12,549,421,128,655,478,177,65,40,25,18,6,12,572,432,140,682,480,202,69,39,30,13,3,10,600,438,162
서울특별시,구로구,구로1동,380,280,100,25,16,9,12,2,10,343,262,81,403,307,96,34,16,18,11,5,6,358,286,72,433,322,111,42,24,18,12,7,5,379,291,88
서울특별시,구로구,구로3동,760,563,197,139,90,49,33,18,15,588,455,133,810,612,198,152,98,54,24,15,9,634,499,135,883,669,214,160,111,49,25,18,7,698,540,158
서울특별시,구로구,구로4동,1338,985,353,364,247,117,43,28,15,931,710,221,1433,1056,377,421,283,138,36,23,13,976,750,226,1511,1085,426,451,303,148,33,20,13,1027,762,265
서울특별시,구로구,구로5동,1034,774,260,186,122,64,34,23,11,814,629,185,1132,841,291,224,149,75,31,19,12,877,673,204,1231,891,340,239,158,81,30,17,13,962,716,246
서울특별시,구로구,고척1동,931,688,243,178,125,53,21,14,7,732,549,183,960,702,258,186,123,63,30,16,14,744,563,181,1036,737,299,200,127,73,26,11,15,810,599,211
서울특별시,구로구,고척2동,1274,942,332,338,222,116,51,31,20,885,689,196,1385,1006,379,398,259,139,41,26,15,946,721,225,1494,1081,413,446,292,154,33,20,13,1015,769,246
서울특별시,구로구,개봉2동,1110,858,252,255,168,87,38,20,18,817,670,147,1191,908,283,291,191,100,27,15,12,873,702,171,1279,958,321,312,204,108,25,15,10,942,739,203
서울특별시,구로구,개봉3동,929,703,226,184,122,62,32,14,18,713,567,146,992,759,233,203,135,68,37,19,18,752,605,147,1066,817,249,216,139,77,34,20,14,816,658,158
서울특별시,구로구,오류1동,1019,747,272,349,229,120,38,20,18,632,498,134,1114,808,306,404,254,150,45,25,20,665,529,136,1184,847,337,426,270,156,41,23,18,717,554,163
서울특별시,구로구,수궁동,984,765,219,208,138,70,61,38,23,715,589,126,1110,852,258,251,167,84,59,34,25,800,651,149,1205,922,283,319,219,100,47,26,21,839,677,162
서울특별시,구로구,가리봉동,838,646,192,251,188,63,13,9,4,574,449,125,843,642,201,285,219,66,15,11,4,543,412,131,939,712,227,316,242,74,11,5,6,612,465,147
서울특별시,구로구,구로2동,1634,1209,425,416,280,136,53,31,22,1165,898,267,1702,1245,457,465,309,156,50,29,21,1187,907,280,1835,1340,495,487,336,151,45,29,16,1303,975,328
서울특별시,구로구,개봉1동,1507,1167,340,417,280,137,51,35,16,1039,852,187,1624,1249,375,446,298,148,40,24,16,1138,927,211,1785,1360,425,523,363,160,36,25,11,1226,972,254
서울특별시,구로구,오류2동,1396,1064,332,338,226,112,69,32,37,989,806,183,1544,1167,377,438,298,140,53,23,30,1053,846,207,1632,1214,418,493,325,168,53,25,28,1086,864,222
서울특별시,구로구,항동,228,190,38,69,50,19,8,3,5,151,137,14,288,236,52,82,63,19,7,3,4,199,170,29,326,268,58,100,80,20,6,4,2,220,184,36
서울특별시,금천구,소계,10731,8102,2629,3535,2470,1065,504,268,236,6692,5364,1328,11425,8640,2785,3929,2708,1221,722,480,242,6774,5452,1322,12219,9157,3062,3131,1957,1174,669,433,236,8419,6767,1652
서울특별시,금천구,가산동,731,580,151,245,191,54,47,33,14,439,356,83,815,631,184,264,201,63,25,21,4,526,409,117,902,704,198,220,153,67,24,18,6,658,533,125
서울특별시,금천구,독산1동,1413,1081,332,474,331,143,38,25,13,901,725,176,1441,1101,340,512,355,157,90,64,26,839,682,157,1521,1141,380,377,232,145,80,50,30,1064,859,205
서울특별시,금천구,독산2동,1075,832,243,328,231,97,70,44,26,677,557,120,1121,865,256,399,283,116,62,41,21,660,541,119,1193,916,277,329,216,113,56,38,18,808,662,146
서울특별시,금천구,독산3동,1258,924,334,336,239,97,60,27,33,862,658,204,1316,1002,314,381,267,114,74,42,32,861,693,168,1436,1076,360,288,180,108,80,51,29,1068,845,223
서울특별시,금천구,독산4동,752,592,160,222,125,97,30,22,8,500,445,55,792,622,170,252,178,74,42,31,11,498,413,85,875,695,180,190,121,69,44,32,12,641,542,99
서울특별시,금천구,시흥1동,1720,1319,401,494,343,151,66,44,22,1160,932,228,1869,1415,454,565,390,175,121,75,46,1183,950,233,1971,1474,497,408,243,165,99,56,43,1464,1175,289
서울특별시,금천구,시흥2동,887,635,252,397,249,148,55,33,22,435,353,82,999,719,280,447,281,166,84,59,25,468,379,89,1042,734,308,370,210,160,85,56,29,587,468,119
서울특별시,금천구,시흥3동,556,400,156,102,62,40,31,14,17,423,324,99,548,409,139,125,74,51,41,24,17,382,311,71,580,428,152,98,52,46,33,19,14,449,357,92
서울특별시,금천구,시흥4동,1002,783,219,415,356,59,39,9,30,548,418,130,1097,850,247,410,291,119,76,50,26,611,509,102,1165,893,272,331,219,112,70,47,23,764,627,137
서울특별시,금천구,시흥5동,1337,956,381,522,343,179,68,17,51,747,596,151,1427,1026,401,574,388,186,107,73,34,746,565,181,1534,1096,438,520,331,189,98,66,32,916,699,217
서울특별시,영등포구,소계,15208,11129,4079,3455,2548,907,427,217,210,11326,8364,2962,15344,11265,4079,4297,3066,1231,347,232,115,10700,7967,2733,16508,6027,10481,1514,613,901,756,241,515,14238,5173,9065
서울특별시,영등포구,여의동,964,591,373,38,19,19,7,2,5,919,570,349,964,588,376,39,20,19,8,6,2,917,562,355,1032,259,773,41,12,29,7,2,5,984,245,739
서울특별시,영등포구,당산1동,872,639,233,158,121,37,30,19,11,684,499,185,891,655,236,209,151,58,21,16,5,661,488,173,953,369,584,89,37,52,38,13,25,826,319,507
서울특별시,영등포구,당산2동,763,526,237,70,44,26,21,12,9,672,470,202,754,532,222,89,53,36,11,9,2,654,470,184,776,234,542,51,17,34,24,9,15,701,208,493
서울특별시,영등포구,양평1동,598,423,175,90,55,35,18,7,11,490,361,129,592,418,174,115,71,44,10,6,4,467,341,126,635,207,428,77,33,44,18,5,13,540,169,371
서울특별시,영등포구,양평2동,475,339,136,88,62,26,12,7,5,375,270,105,487,361,126,101,73,28,11,8,3,375,280,95,538,178,360,65,27,38,24,7,17,449,144,305
서울특별시,영등포구,신길1동,1113,806,307,279,207,72,61,27,34,773,572,201,1188,867,321,362,244,118,36,19,17,790,604,186,1276,469,807,111,48,63,80,21,59,1085,400,685
서울특별시,영등포구,신길3동,869,648,221,235,165,70,29,12,17,605,471,134,866,642,224,263,180,83,30,25,5,573,437,136,915,302,613,88,33,55,49,12,37,778,257,521
서울특별시,영등포구,신길4동,713,539,174,215,160,55,27,14,13,471,365,106,713,535,178,313,221,92,12,5,7,388,309,79,770,272,498,96,37,59,63,14,49,611,221,390
서울특별시,영등포구,신길5동,540,411,129,178,125,53,21,9,12,341,277,64,563,433,130,217,152,65,15,9,6,331,272,59,608,217,391,99,36,63,63,27,36,446,154,292
서울특별시,영등포구,신길6동,797,598,199,151,99,52,20,11,9,626,488,138,784,596,188,213,139,74,19,15,4,552,442,110,826,269,557,87,34,53,52,17,35,687,218,469
서울특별시,영등포구,신길7동,410,296,114,73,45,28,13,6,7,324,245,79,444,325,119,97,63,34,21,11,10,326,251,75,469,149,320,61,22,39,18,2,16,390,125,265
서울특별시,영등포구,대림1동,848,633,215,175,128,47,24,9,15,649,496,153,854,627,227,254,177,77,22,15,7,578,435,143,908,282,626,84,31,53,47,12,35,777,239,538
서울특별시,영등포구,대림2동,832,609,223,204,128,76,19,14,5,609,467,142,826,607,219,240,154,86,16,12,4,570,441,129,888,272,616,83,31,52,39,11,28,766,230,536
서울특별시,영등포구,대림3동,1092,808,284,262,176,86,31,14,17,799,618,181,1108,831,277,317,200,117,19,15,4,772,616,156,1213,441,772,100,41,59,63,16,47,1050,384,666
서울특별시,영등포구,영등포본동,1224,941,283,325,272,53,17,13,4,882,656,226,1264,970,294,431,345,86,20,15,5,813,610,203,1344,578,766,103,48,55,49,18,31,1192,512,680
서울특별시,영등포구,영등포동,1372,1123,249,571,493,78,21,11,10,780,619,161,1317,1075,242,594,509,85,26,18,8,697,548,149,1483,872,611,107,52,55,54,26,28,1322,794,528
서울특별시,영등포구,도림동,934,654,280,226,167,59,38,20,18,670,467,203,918,652,266,327,228,99,37,21,16,554,403,151,1019,386,633,104,46,58,38,17,21,877,323,554
서울특별시,영등포구,문래동,792,545,247,117,82,35,18,10,8,657,453,204,811,551,260,116,86,30,13,7,6,682,458,224,855,271,584,68,28,40,30,12,18,757,231,526
서울특별시,동작구,소계,14691,10982,3709,3741,2520,1221,421,199,222,10529,8263,2266,15104,11031,4073,4105,2736,1369,464,253,211,10535,8042,2493,15892,11440,4452,4387,2917,1470,280,139,141,11225,8384,2841
서울특별시,동작구,노량진2동,785,587,198,258,184,74,28,14,14,499,389,110,803,601,202,302,214,88,31,19,12,470,368,102,821,612,209,302,218,84,20,10,10,499,384,115
서울특별시,동작구,상도1동,1369,996,373,406,235,171,55,26,29,908,735,173,1510,1076,434,459,267,192,51,29,22,1000,780,220,1575,1107,468,496,286,210,43,24,19,1036,797,239
서울특별시,동작구,상도2동,798,578,220,149,103,46,21,9,12,628,466,162,818,574,244,157,100,57,31,14,17,630,460,170,863,586,277,173,105,68,18,4,14,672,477,195
서울특별시,동작구,상도3동,1004,748,256,276,179,97,41,23,18,687,546,141,1093,798,295,298,199,99,41,26,15,754,573,181,1155,842,313,329,221,108,28,17,11,798,604,194
서울특별시,동작구,상도4동,1366,1049,317,370,251,119,51,24,27,945,774,171,1453,1087,366,403,270,133,41,17,24,1009,800,209,1530,1121,409,456,308,148,31,15,16,1043,798,245
서울특별시,동작구,사당1동,903,731,172,230,168,62,26,13,13,647,550,97,943,742,201,241,178,63,25,13,12,677,551,126,1011,789,222,259,192,67,11,5,6,741,592,149
서울특별시,동작구,사당3동,742,576,166,136,95,41,14,6,8,592,475,117,799,613,186,153,112,41,24,15,9,622,486,136,851,647,204,175,131,44,9,-,9,667,516,151
서울특별시,동작구,사당4동,633,480,153,171,109,62,14,5,9,448,366,82,658,489,169,182,119,63,21,8,13,455,362,93,708,519,189,207,136,71,13,4,9,488,379,109
서울특별시,동작구,사당5동,507,388,119,104,69,35,20,6,14,383,313,70,541,407,134,126,76,50,15,9,6,400,322,78,557,412,145,138,86,52,8,4,4,411,322,89
서울특별시,동작구,대방동,1400,1025,375,421,297,124,38,20,18,941,708,233,1343,961,382,475,329,146,41,27,14,827,605,222,1409,1011,398,471,326,145,24,15,9,914,670,244
서울특별시,동작구,신대방1동,872,674,198,200,143,57,16,5,11,656,526,130,925,693,232,230,160,70,21,8,13,674,525,149,990,732,258,250,176,74,12,4,8,728,552,176
서울특별시,동작구,신대방2동,1285,900,385,275,180,95,28,14,14,982,706,276,699,502,197,169,110,59,17,10,7,513,382,131,740,528,212,186,120,66,7,3,4,547,405,142
서울특별시,동작구,흑석동,658,490,168,166,118,48,14,6,8,478,366,112,999,674,325,243,145,98,29,16,13,727,513,214,1019,653,366,217,128,89,14,8,6,788,517,271
서울특별시,동작구,노량진1동,1296,937,359,387,248,139,30,15,15,879,674,205,1389,979,410,423,274,149,44,28,16,922,677,245,1455,1004,451,453,283,170,21,15,6,981,706,275
서울특별시,동작구,사당2동,1073,823,250,192,141,51,25,13,12,856,669,187,1131,835,296,244,183,61,32,14,18,855,638,217,1208,877,331,275,201,74,21,11,10,912,665,247
서울특별시,관악구,소계,20308,15688,4620,6325,4302,2023,573,327,246,13410,11059,2351,21113,16078,5035,6799,4584,2215,795,503,292,13519,10991,2528,22579,16940,5639,7417,5063,2354,438,262,176,14724,11615,3109
서울특별시,관악구,보라매동,1114,840,274,302,219,83,32,17,15,780,604,176,1163,859,304,334,234,100,42,26,16,787,599,188,1254,924,330,376,273,103,19,7,12,859,644,215
서울특별시,관악구,청림동,654,468,186,218,139,79,10,4,6,426,325,101,682,490,192,235,144,91,23,15,8,424,331,93,720,505,215,238,142,96,10,6,4,472,357,115
서울특별시,관악구,행운동,1101,859,242,354,223,131,30,22,8,717,614,103,1139,871,268,375,235,140,46,35,11,718,601,117,1205,921,284,407,269,138,28,21,7,770,631,139
서울특별시,관악구,낙성대동,528,419,109,119,91,28,11,4,7,398,324,74,536,410,126,125,87,38,12,8,4,399,315,84,581,433,148,147,105,42,3,2,1,431,326,105
서울특별시,관악구,중앙동,676,524,152,216,145,71,14,9,5,446,370,76,695,535,160,219,151,68,14,8,6,462,376,86,735,550,185,228,150,78,12,7,5,495,393,102
서울특별시,관악구,인헌동,908,711,197,192,120,72,28,16,12,688,575,113,945,716,229,206,133,73,47,23,24,692,560,132,1007,736,271,220,142,78,22,12,10,765,582,183
서울특별시,관악구,남현동,573,481,92,125,87,38,19,13,6,429,381,48,610,509,101,130,94,36,24,14,10,456,401,55,663,543,120,151,114,37,14,9,5,498,420,78
서울특별시,관악구,서원동,795,630,165,190,136,54,22,7,15,583,487,96,836,642,194,219,150,69,37,24,13,580,468,112,896,681,215,243,168,75,16,8,8,637,505,132
서울특별시,관악구,신원동,971,750,221,324,236,88,35,21,14,612,493,119,977,740,237,347,250,97,36,23,13,594,467,127,1038,772,266,387,281,106,26,13,13,625,478,147
서울특별시,관악구,서림동,824,629,195,204,149,55,15,9,6,605,471,134,892,685,207,241,177,64,27,21,6,624,487,137,978,751,227,274,201,73,19,14,5,685,536,149
서울특별시,관악구,신사동,984,774,210,323,216,107,21,11,10,640,547,93,1017,799,218,347,227,120,32,22,10,638,550,88,1080,828,252,371,255,116,19,14,5,690,559,131
서울특별시,관악구,신림동,625,521,104,195,161,34,6,3,3,424,357,67,624,513,111,201,158,43,12,5,7,411,350,61,682,545,137,227,180,47,8,5,3,447,360,87
서울특별시,관악구,난향동,609,449,160,190,115,75,25,13,12,394,321,73,612,458,154,210,119,91,30,17,13,372,322,50,645,473,172,218,132,86,21,10,11,406,331,75
서울특별시,관악구,조원동,750,579,171,225,156,69,14,8,6,511,415,96,788,605,183,241,166,75,17,14,3,530,425,105,855,653,202,269,193,76,9,5,4,577,455,122
서울특별시,관악구,대학동,826,652,174,187,157,30,27,19,8,612,476,136,875,673,202,223,185,38,27,23,4,625,465,160,968,727,241,259,214,45,19,12,7,690,501,189
서울특별시,관악구,은천동,1454,1138,316,496,334,162,49,24,25,909,780,129,1519,1169,350,551,379,172,73,44,29,895,746,149,1592,1198,394,582,392,190,34,21,13,976,785,191
서울특별시,관악구,성현동,1315,978,337,547,351,196,41,25,16,727,602,125,1403,1032,371,589,367,222,74,51,23,740,614,126,1496,1076,420,633,389,244,33,19,14,830,668,162
서울특별시,관악구,청룡동,1248,985,263,406,301,105,20,13,7,822,671,151,1290,1000,290,416,306,110,40,21,19,834,673,161,1388,1062,326,445,325,120,20,11,9,923,726,197
서울특별시,관악구,난곡동,1518,1149,369,540,356,184,45,24,21,933,769,164,1559,1181,378,599,411,188,67,43,24,893,727,166,1673,1254,419,654,451,203,35,20,15,984,783,201
서울특별시,관악구,삼성동,1518,1129,389,640,401,239,59,32,27,819,696,123,1586,1154,432,632,386,246,59,34,25,895,734,161,1677,1207,470,684,420,264,32,21,11,961,766,195
서울특별시,관악구,미성동,1317,1023,294,332,209,123,50,33,17,935,781,154,1365,1037,328,359,225,134,56,32,24,950,780,170,1446,1101,345,404,267,137,39,25,14,1003,809,194
서울특별시,서초구,소계,10318,7784,2534,1899,1332,567,447,267,180,7972,6185,1787,10737,8020,2717,2061,1455,606,475,342,133,8201,6223,1978,10945,8160,2785,2332,1714,618,220,138,82,8393,6308,2085
서울특별시,서초구,서초1동,610,446,164,118,81,37,25,13,12,467,352,115,643,473,170,122,85,37,21,15,6,500,373,127,638,470,168,140,98,42,10,4,6,488,368,120
서울특별시,서초구,서초2동,429,330,99,38,31,7,10,4,6,381,295,86,473,365,108,51,39,12,17,11,6,405,315,90,424,321,103,45,34,11,8,5,3,371,282,89
서울특별시,서초구,서초3동,812,599,213,105,72,33,22,11,11,685,516,169,837,605,232,99,66,33,22,14,8,716,525,191,839,614,225,110,77,33,10,4,6,719,533,186
서울특별시,서초구,서초4동,493,353,140,25,18,7,6,5,1,462,330,132,495,336,159,25,17,8,5,3,2,465,316,149,510,345,165,29,18,11,3,-2,5,478,329,149
서울특별시,서초구,잠원동,611,454,157,81,59,22,16,9,7,514,386,128,623,466,157,94,71,23,22,15,7,507,380,127,632,462,170,106,82,24,9,4,5,517,376,141
서울특별시,서초구,반포본동,3,3,0,0,0,0,0,0,0,3,3,0,3,2,1,-,-,-,-,-,-,3,2,1,3,2,1,-,-,-,-,-,-,3,2,1
서울특별시,서초구,반포1동,694,557,137,124,99,25,18,12,6,552,446,106,736,594,142,126,94,32,15,12,3,595,488,107,763,608,155,151,128,23,4,3,1,608,477,131
서울특별시,서초구,반포2동,211,153,58,5,3,2,2,0,2,204,150,54,217,152,65,5,3,2,-,-,-,212,149,63,308,223,85,11,4,7,5,2,3,292,217,75
서울특별시,서초구,반포3동,439,295,144,8,7,1,8,4,4,423,284,139,459,294,165,7,6,1,9,5,4,443,283,160,461,296,165,12,4,8,6,2,4,443,290,153
서울특별시,서초구,반포4동,400,292,108,22,14,8,7,3,4,371,275,96,439,323,116,31,20,11,6,5,1,402,298,104,441,328,113,32,23,9,5,4,1,404,301,103
서울특별시,서초구,방배본동,516,362,154,70,53,17,28,19,9,418,290,128,533,374,159,75,57,18,17,11,6,441,306,135,549,392,157,101,73,28,11,5,6,437,314,123
서울특별시,서초구,방배1동,503,374,129,97,62,35,19,13,6,387,299,88,543,407,136,109,73,36,28,24,4,406,310,96,561,417,144,123,86,37,17,16,1,421,315,106
서울특별시,서초구,방배2동,729,571,158,187,125,62,34,20,14,508,426,82,738,548,190,203,142,61,46,34,12,489,372,117,737,542,195,206,148,58,18,14,4,513,380,133
서울특별시,서초구,방배3동,435,325,110,44,28,16,18,14,4,373,283,90,382,279,103,36,26,10,17,12,5,329,241,88,353,256,97,42,31,11,11,11,-,300,214,86
서울특별시,서초구,방배4동,655,467,188,99,67,32,27,10,17,529,390,139,653,464,189,111,73,38,21,14,7,521,377,144,665,470,195,126,79,47,8,4,4,531,387,144
서울특별시,서초구,양재1동,1433,1129,304,549,382,167,117,63,54,767,684,83,1545,1221,324,579,406,173,133,93,40,833,722,111,1614,1275,339,686,509,177,51,29,22,877,737,140
서울특별시,서초구,양재2동,742,610,132,189,148,41,52,39,13,501,423,78,806,651,155,239,183,56,45,36,9,522,432,90,829,674,155,252,210,42,24,19,5,553,445,108
서울특별시,서초구,내곡동,603,464,139,138,83,55,38,28,10,427,353,74,612,466,146,149,94,55,51,38,13,412,334,78,618,465,153,160,110,50,20,14,6,438,341,97
서울특별시,강남구,소계,15432,11869,3563,3970,2987,983,324,190,134,11138,8692,2446,19102,13986,5116,3492,2531,961,233,132,101,15377,11323,4054,20973,15616,5357,3660,2640,1020,423,260,163,16890,12716,4174
서울특별시,강남구,신사동,518,372,146,66,49,17,6,4,2,446,319,127,562,380,182,59,42,17,7,4,3,496,334,162,578,384,194,54,35,19,10,6,4,514,343,171
서울특별시,강남구,개포3동,-,-,-,-,-,-,-,-,-,-,-,-,1533,1181,352,421,311,110,32,17,15,1080,853,227,1628,1244,384,438,326,112,62,38,24,1128,880,248
서울특별시,강남구,논현1동,700,550,150,165,138,27,4,3,1,531,409,122,809,644,165,153,128,25,4,4,-,652,512,140,905,720,185,161,138,23,6,6,-,738,576,162
서울특별시,강남구,논현2동,614,473,141,97,79,18,5,2,3,512,392,120,667,517,150,80,64,16,3,2,1,584,451,133,731,554,177,74,56,18,10,6,4,647,492,155
서울특별시,강남구,삼성1동,325,254,71,29,16,13,2,0,2,294,238,56,352,264,88,21,14,7,3,-,3,328,250,78,388,286,102,24,17,7,2,-,2,362,269,93
서울특별시,강남구,삼성2동,688,534,154,102,74,28,11,10,1,575,450,125,772,568,204,96,61,35,13,11,2,663,496,167,825,592,233,95,59,36,17,13,4,713,520,193
서울특별시,강남구,대치1동,229,168,61,3,2,1,1,0,1,225,166,59,212,153,59,2,-,2,2,1,1,208,152,56,240,168,72,2,-,2,1,-,1,237,168,69
서울특별시,강남구,대치4동,452,372,80,117,94,23,8,6,2,327,272,55,561,460,101,105,89,16,7,6,1,449,365,84,589,476,113,102,85,17,5,4,1,482,387,95
서울특별시,강남구,역삼1동,930,744,186,221,188,33,21,9,12,688,547,141,1083,873,210,197,164,33,8,5,3,878,704,174,1228,991,237,197,163,34,18,12,6,1013,816,197
서울특별시,강남구,역삼2동,684,541,143,85,73,12,10,6,4,589,462,127,731,208,523,81,69,12,6,4,2,644,135,509,780,584,196,85,70,15,13,7,6,682,507,175
서울특별시,강남구,도곡1동,457,336,121,36,27,9,10,5,5,411,304,107,477,361,116,33,26,7,7,6,1,437,329,108,510,381,129,32,24,8,8,7,1,470,350,120
서울특별시,강남구,도곡2동,674,495,179,18,14,4,5,1,4,651,480,171,661,475,186,16,13,3,2,1,1,643,461,182,713,498,215,20,15,5,4,1,3,689,482,207
서울특별시,강남구,개포1동,357,279,78,70,46,24,17,12,5,270,221,49,407,298,109,57,36,21,15,9,6,335,253,82,599,475,124,48,28,20,20,15,5,531,432,99
서울특별시,강남구,개포4동,615,496,119,156,122,34,15,8,7,444,366,78,778,599,179,143,107,36,14,8,6,621,484,137,871,660,211,154,112,42,16,11,5,701,537,164
서울특별시,강남구,일원본동,463,331,132,21,9,12,3,2,1,439,320,119,503,352,151,22,8,14,4,1,3,477,343,134,531,377,154,30,17,13,5,1,4,496,359,137
서울특별시,강남구,일원1동,977,757,220,485,331,154,37,23,14,455,403,52,1458,1064,394,417,274,143,30,13,17,1011,777,234,1600,1184,416,440,297,143,58,31,27,1102,856,246
서울특별시,강남구,일원2동,1033,838,195,479,372,107,37,19,18,517,447,70,-,-,-,-,-,-,-,-,-,-,-,-,-,-,-,-,-,-,-,-,-,-,-,-
서울특별시,강남구,수서동,1904,1566,338,1221,934,287,55,38,17,628,594,34,3145,2450,695,1067,783,284,27,20,7,2051,1647,404,3410,2625,785,1141,835,306,57,39,18,2212,1751,461
서울특별시,강남구,세곡동,1264,861,403,406,272,134,50,28,22,808,561,247,1718,1154,564,359,227,132,32,13,19,1327,914,413,1908,1273,635,397,250,147,81,46,35,1430,977,453
서울특별시,강남구,압구정동,820,546,274,34,30,4,6,3,3,780,513,267,812,540,272,28,21,7,4,2,2,780,517,263,876,564,312,29,17,12,5,3,2,842,544,298
서울특별시,강남구,청담동,618,486,132,52,40,12,10,5,5,556,441,115,617,471,146,47,33,14,4,1,3,566,437,129,671,502,169,40,29,11,6,2,4,625,471,154
서울특별시,강남구,대치2동,600,474,126,49,38,11,5,2,3,546,434,112,594,464,130,33,22,11,4,2,2,557,440,117,638,484,154,37,22,15,7,5,2,594,457,137
서울특별시,강남구,개포2동,510,396,114,58,39,19,6,4,2,446,353,93,650,510,140,55,39,16,5,2,3,590,469,121,754,594,160,60,45,15,12,7,5,682,542,140
서울특별시,송파구,소계,18741,14618,4123,4186,2950,1236,383,218,165,14172,11450,2722,25246,18772,6474,4667,3322,1345,288,154,134,20291,15296,4995,25889,19547,6342,5154,3710,1444,287,193,94,20448,15644,4804
서울특별시,송파구,풍납1동,702,560,142,189,131,58,16,11,5,497,418,79,982,764,218,214,153,61,10,8,2,758,603,155,1029,802,227,235,174,61,11,6,5,783,622,161
서울특별시,송파구,풍납2동,757,577,180,162,112,50,10,6,4,585,459,126,985,735,250,164,112,52,9,3,6,812,620,192,1002,754,248,171,120,51,13,7,6,818,627,191
서울특별시,송파구,거여1동,590,463,127,189,132,57,16,8,8,385,323,62,832,620,212,187,135,52,18,11,7,627,474,153,877,646,231,220,158,62,10,8,2,647,480,167
서울특별시,송파구,거여2동,1014,796,218,284,199,85,36,25,11,694,572,122,1496,1074,422,352,230,122,16,6,10,1128,838,290,1559,1136,423,383,254,129,12,10,2,1164,872,292
서울특별시,송파구,마천1동,1197,937,260,454,307,147,31,14,17,712,616,96,1807,1327,480,493,330,163,22,12,10,1292,985,307,1847,1370,477,529,363,166,17,10,7,1301,997,304
서울특별시,송파구,마천2동,1099,886,213,381,271,110,28,16,12,690,599,91,1940,1257,683,407,290,117,16,11,5,1517,956,561,1691,1292,399,441,311,130,16,11,5,1234,970,264
서울특별시,송파구,방이1동,352,253,99,69,44,25,7,2,5,276,207,69,453,320,133,75,47,28,8,4,4,370,269,101,491,355,136,91,63,28,5,4,1,395,288,107
서울특별시,송파구,방이2동,843,689,154,207,154,53,14,9,5,622,526,96,1162,921,241,231,183,48,12,6,6,919,732,187,1229,979,250,260,209,51,13,7,6,956,763,193
서울특별시,송파구,오륜동,300,204,96,6,1,5,1,-,1,293,203,90,311,216,95,8,3,5,1,-,1,302,213,89,307,210,97,9,3,6,2,-,2,296,207,89
서울특별시,송파구,오금동,1258,940,318,285,180,105,32,22,10,941,738,203,1743,1264,479,336,224,112,18,6,12,1389,1034,355,1861,1370,491,392,271,121,22,15,7,1447,1084,363
서울특별시,송파구,송파1동,681,537,144,149,110,39,11,7,4,521,420,101,883,676,207,160,116,44,8,7,1,715,553,162,876,678,198,158,118,40,7,6,1,711,554,157
서울특별시,송파구,송파2동,419,310,109,91,67,24,3,2,1,325,241,84,523,401,122,91,72,19,5,4,1,427,325,102,504,378,126,78,60,18,6,6,-,420,312,108
서울특별시,송파구,석촌동,1123,923,200,242,183,59,19,7,12,862,733,129,1507,1195,312,266,211,55,17,7,10,1224,977,247,1637,1303,334,341,274,67,20,15,5,1276,1014,262
서울특별시,송파구,삼전동,1016,803,213,263,196,67,27,22,5,726,585,141,1465,1142,323,309,237,72,15,8,7,1141,897,244,1542,1207,335,362,288,74,16,11,5,1164,908,256
서울특별시,송파구,가락본동,796,619,177,191,138,53,13,6,7,592,475,117,1061,800,261,184,134,50,10,7,3,867,659,208,1117,856,261,211,151,60,9,7,2,897,698,199
서울특별시,송파구,가락1동,464,392,72,33,19,14,5,4,1,426,369,57,524,414,110,47,28,19,13,10,3,464,376,88,540,422,118,51,32,19,11,9,2,478,381,97
서울특별시,송파구,가락2동,686,522,164,118,79,39,13,6,7,555,437,118,860,630,230,127,87,40,8,3,5,725,540,185,884,648,236,139,95,44,11,5,6,734,548,186
서울특별시,송파구,문정1동,484,389,95,92,67,25,9,6,3,383,316,67,622,491,131,109,84,25,9,6,3,504,401,103,631,493,138,110,82,28,10,5,5,511,406,105
서울특별시,송파구,문정2동,476,339,137,33,24,9,4,2,2,439,313,126,536,367,169,31,20,11,8,6,2,497,341,156,540,362,178,28,17,11,4,2,2,508,343,165
서울특별시,송파구,잠실본동,943,781,162,248,208,40,22,11,11,673,562,111,1322,1072,250,295,241,54,10,4,6,1017,827,190,1388,1138,250,314,258,56,14,10,4,1060,870,190
서울특별시,송파구,잠실4동,389,304,85,9,5,4,11,6,5,369,293,76,389,286,103,10,6,4,3,1,2,376,279,97,405,297,108,7,3,4,8,6,2,390,288,102
서울특별시,송파구,잠실6동,343,236,107,5,4,1,2,-,2,336,232,104,360,240,120,10,8,2,3,-,3,347,232,115,371,244,127,16,11,5,3,1,2,352,232,120
서울특별시,송파구,잠실7동,247,152,95,4,2,2,1,-,1,242,150,92,260,156,104,4,2,2,-,-,-,256,154,102,264,155,109,4,2,2,-,-,-,260,153,107
서울특별시,송파구,잠실2동,526,418,108,11,6,5,3,-,3,512,412,100,502,363,139,12,6,6,4,1,3,486,356,130,495,351,144,8,2,6,3,2,1,484,347,137
서울특별시,송파구,잠실3동,737,561,176,22,11,11,6,3,3,709,547,162,728,538,190,22,12,10,6,3,3,700,523,177,736,541,195,20,10,10,6,1,5,710,530,180
서울특별시,송파구,장지동,894,693,201,286,187,99,24,14,10,584,492,92,1318,981,337,338,224,114,18,10,8,962,747,215,1355,1007,348,368,239,129,17,15,2,970,753,217
서울특별시,송파구,위례동,405,334,71,163,113,50,19,9,10,223,212,11,675,522,153,185,127,58,21,10,11,469,385,84,711,553,158,208,142,66,21,14,7,482,397,85
서울특별시,강동구,소계,16059,12716,3343,4437,3097,1340,676,421,255,10946,9198,1748,17268,13512,3756,4977,3422,1555,632,391,241,11659,9699,1960,18520,14392,4128,5527,3856,1671,591,386,205,12402,10150,2252
서울특별시,강동구,명일1동,701,525,176,115,75,40,25,12,13,561,438,123,765,590,175,129,91,38,18,8,10,618,491,127,823,634,189,152,109,43,21,12,9,650,513,137
서울특별시,강동구,명일2동,331,241,90,47,21,26,5,4,1,279,216,63,351,260,91,53,26,27,7,6,1,291,228,63,372,272,100,56,29,27,8,6,2,308,237,71
서울특별시,강동구,고덕1동,419,330,89,105,57,48,22,16,6,292,257,35,440,335,105,130,72,58,19,12,7,291,251,40,476,361,115,142,80,62,23,12,11,311,269,42
서울특별시,강동구,고덕2동,603,467,136,210,133,77,20,10,10,373,324,49,618,480,138,200,124,76,18,11,7,400,345,55,659,518,141,199,127,72,19,12,7,441,379,62
서울특별시,강동구,암사2동,436,349,87,50,35,15,7,6,1,379,308,71,463,356,107,50,39,11,5,3,2,408,314,94,485,365,120,59,47,12,8,5,3,418,313,105
서울특별시,강동구,암사3동,329,256,73,49,23,26,9,3,6,271,230,41,385,288,97,50,24,26,10,5,5,325,259,66,391,289,102,40,17,23,11,4,7,340,268,72
서울특별시,강동구,천호1동,1396,1096,300,474,336,138,62,42,20,860,718,142,1493,1172,321,519,371,148,60,39,21,914,762,152,1595,1245,350,571,410,161,49,32,17,975,803,172
서울특별시,강동구,천호3동,1348,1077,271,461,335,126,63,48,15,824,694,130,1421,1115,306,509,357,152,52,35,17,860,723,137,1497,1161,336,552,394,158,48,31,17,897,736,161
서울특별시,강동구,성내1동,543,431,112,80,54,26,9,8,1,454,369,85,555,430,125,77,50,27,8,5,3,470,375,95,584,452,132,83,54,29,10,8,2,491,390,101
서울특별시,강동구,성내2동,1206,941,265,300,207,93,54,36,18,852,698,154,1294,1001,293,342,239,103,45,28,17,907,734,173,1404,1075,329,384,268,116,49,34,15,971,773,198
서울특별시,강동구,성내3동,842,659,183,167,122,45,33,17,16,642,520,122,874,679,195,180,127,53,37,21,16,657,531,126,973,755,218,217,162,55,32,23,9,724,570,154
서울특별시,강동구,둔촌1동,3,2,1,1,0,1,0,-,-,2,2,0,2,1,1,1,1,-,-,-,-,1,-,1,3,2,1,2,1,1,-,-,-,1,1,-
서울특별시,강동구,둔촌2동,815,627,188,175,110,65,39,23,16,601,494,107,834,639,195,169,100,69,31,16,15,634,523,111,908,687,221,177,105,72,36,24,12,695,558,137
서울특별시,강동구,암사1동,1593,1256,337,475,332,143,82,39,43,1036,885,151,1714,1328,386,547,371,176,72,38,34,1095,919,176,1832,1420,412,602,417,185,62,33,29,1168,970,198
서울특별시,강동구,천호2동,1683,1362,321,593,461,132,73,47,26,1017,854,163,1799,1438,361,658,501,157,55,38,17,1086,899,187,1912,1515,397,740,551,189,47,36,11,1125,928,197
서울특별시,강동구,길동,1719,1370,349,410,296,114,49,32,17,1260,1042,218,1914,1514,400,461,323,138,52,37,15,1401,1154,247,2119,1666,453,556,403,153,40,27,13,1523,1236,287
서울특별시,강동구,강일동,1091,902,189,486,352,134,67,44,23,538,506,32,1247,1006,241,586,407,179,76,52,24,585,547,38,1357,1082,275,647,455,192,68,50,18,642,577,65
서울특별시,강동구,상일1동,609,507,102,100,56,44,25,12,13,484,439,45,653,526,127,104,56,48,28,11,17,521,459,62,667,534,133,111,69,42,17,7,10,539,458,81
서울특별시,강동구,상일2동,392,318,74,139,92,47,32,22,10,221,204,17,446,354,92,212,143,69,39,26,13,195,185,10,463,359,104,237,158,79,43,30,13,183,171,12
